Date,Symbol,Open,High,Low,Close,Volume
2023-12-11,AAPL,600.0432187231538,615.561129636943,573.6009338052432,584.977019572025,3595370
2023-12-12,AAPL,584.977019572025,598.2356311801179,573.1368173482726,597.1507590216036,4089832
2023-12-13,AAPL,597.1507590216036,616.8038211592905,569.694704142381,612.0941146499378,4773000
2023-12-14,AAPL,612.0941146499378,624.8731406420864,604.0459410442263,608.5893757294582,3121021
2023-12-15,AAPL,608.5893757294582,628.1638180582394,584.7053780755482,593.4197152359591,4213158
2023-12-18,AAPL,593.4197152359591,602.888519487737,577.2281505848682,578.4792903368731,2002723
2023-12-19,AAPL,578.4792903368731,585.157469805865,550.9695548016875,552.9091837982515,4140272
2023-12-20,AAPL,552.9091837982515,577.9783195806751,527.4978238122358,562.9105819309325,4603494
2023-12-21,AAPL,562.9105819309325,571.0816240629024,534.9102421301338,565.2493869762046,3440877
2023-12-22,AAPL,565.2493869762046,578.8021125612082,539.1244494015987,553.4523253614835,3718839
2023-12-25,AAPL,553.4523253614835,561.5625283549837,538.4569548520963,549.2642315312631,2197526
2023-12-26,AAPL,549.2642315312631,574.5019148615115,532.1105530520946,562.5801638500496,2621711
2023-12-27,AAPL,562.5801638500496,575.8542608817478,540.6487538406981,562.5573197132484,1812148
2023-12-28,AAPL,562.5573197132484,574.1862491258626,545.9664731166422,572.6952122011224,4616187
2023-12-29,AAPL,572.6952122011224,584.6063789647334,551.4458582947879,573.9522256427364,1495377
2024-01-01,AAPL,573.9522256427364,593.2226236569888,563.5991069187854,571.1642002233218,2693686
2024-01-02,AAPL,571.1642002233218,583.6757422748537,546.0371318136745,559.8043332133985,4273980
2024-01-03,AAPL,559.8043332133985,566.300514076504,550.829636198838,559.5024598559245,4848168
2024-01-04,AAPL,559.5024598559245,578.9156696756996,539.3329388454803,564.9873928433891,4567647
2024-01-05,AAPL,564.9873928433891,591.4303515906375,550.3802887447838,558.9900514820871,1709119
2024-01-08,AAPL,558.9900514820871,568.9714777443647,540.2897102664101,544.733243348767,1864203
2024-01-09,AAPL,544.733243348767,569.267014306123,537.3452217125459,552.4320633206536,4453203
2024-01-10,AAPL,552.4320633206536,570.04125924087,536.504284253725,545.6051311934607,3293701
2024-01-11,AAPL,545.6051311934607,560.0582459208752,518.9646641663069,556.541186360347,4917928
2024-01-12,AAPL,556.541186360347,573.593707162343,549.6387685590045,572.2561292912801,3800196
2024-01-15,AAPL,572.2561292912801,589.0354855588954,543.6577727002108,576.2785878269932,1589814
2024-01-16,AAPL,576.2785878269932,592.5477964477026,554.1921966530502,554.7330408893284,1164461
2024-01-17,AAPL,554.7330408893284,563.1592321870851,528.7630591508026,555.9227071275858,3313885
2024-01-18,AAPL,555.9227071275858,567.0132412164498,544.459278289243,549.7254151298624,2090938
2024-01-19,AAPL,549.7254151298624,556.7481142952951,537.6285060267963,546.6729404342557,2267077
2024-01-22,AAPL,546.6729404342557,561.1934373580171,529.1415657888657,553.073597231571,3738486
2024-01-23,AAPL,553.073597231571,563.3520394542304,541.2073262723737,541.3602729720407,1805065
2024-01-24,AAPL,541.3602729720407,559.2498986601867,532.9440932403422,535.5640513468253,3580512
2024-01-25,AAPL,535.5640513468253,560.9859290157085,529.5830157895201,530.0628612571655,4523030
2024-01-26,AAPL,530.0628612571655,551.8916936791991,522.263731004763,538.6253685409118,1701060
2024-01-29,AAPL,538.6253685409118,560.6482395127261,521.095017602154,544.5378909138394,1753643
2024-01-30,AAPL,544.5378909138394,561.849423082523,529.9553297568493,543.1578420053196,4178022
2024-01-31,AAPL,543.1578420053196,558.0938990439681,531.2442758928668,557.8206405178156,2092490
2024-02-01,AAPL,557.8206405178156,582.5202535875317,534.6027066589925,567.2673844904268,2091389
2024-02-02,AAPL,567.2673844904268,584.3754825892808,539.7350600563275,568.3836396359319,2644055
2024-02-05,AAPL,568.3836396359319,575.8562959676916,551.8081148190861,565.2586576027277,1101242
2024-02-06,AAPL,565.2586576027277,585.6180184698787,540.5440092833672,567.4606494129306,3322260
2024-02-07,AAPL,567.4606494129306,594.9354270424933,559.9866666231185,576.6518260378742,3495243
2024-02-08,AAPL,576.6518260378742,594.5352121542877,567.1784266322513,590.4900375856306,1724799
2024-02-09,AAPL,590.4900375856306,606.2560891789259,576.3360513272713,579.1688419553907,1076293
2024-02-12,AAPL,579.1688419553907,600.7719572882091,554.2664040080504,578.4063418825015,2620194
2024-02-13,AAPL,578.4063418825015,589.2842549550558,551.0923849956584,555.3331501807409,1927752
2024-02-14,AAPL,555.3331501807409,561.5892974837839,538.8713958161861,556.2591786086635,2020682
2024-02-15,AAPL,556.2591786086635,568.1878029419113,543.9231919923958,552.6329624303105,4202638
2024-02-16,AAPL,552.6329624303105,561.5994351639946,544.1004140546646,551.4931077769076,1090979
2024-02-19,AAPL,551.4931077769076,573.3420537979084,539.0734867336478,569.4012503386977,1621732
2024-02-20,AAPL,569.4012503386977,592.674093482934,546.1496105040665,588.2132490069059,3559329
2024-02-21,AAPL,588.2132490069059,601.81539286046,566.6563147284922,573.4805915907828,4111299
2024-02-22,AAPL,573.4805915907828,590.230570891044,554.9318061017185,562.0113241584005,4389785
2024-02-23,AAPL,562.0113241584005,588.9641339648782,541.5379507496051,580.787354910561,1878237
2024-02-26,AAPL,580.787354910561,592.6911317896817,557.9169238520009,573.1284481396755,2907787
2024-02-27,AAPL,573.1284481396755,583.5304241823734,550.3537175496243,571.7429473993308,1028332
2024-02-28,AAPL,571.7429473993308,580.4626863995029,545.7131339269357,555.4541981859679,3934919
2024-02-29,AAPL,555.4541981859679,569.5156206730388,546.8520905912195,562.514437825534,2538325
2024-03-01,AAPL,562.514437825534,573.684518409434,545.2121281842476,569.689983777757,1332779
2024-03-04,AAPL,569.689983777757,595.232970583252,559.445083332484,579.6968787728354,4840794
2024-03-05,AAPL,579.6968787728354,607.1491291065192,560.4493824375304,567.7622005752022,2161617
2024-03-06,AAPL,567.7622005752022,588.3887591676188,557.4422002006773,584.5509248716413,2224268
2024-03-07,AAPL,584.5509248716413,603.5562299519282,577.8955971737496,597.1345571705044,3184283
2024-03-08,AAPL,597.1345571705044,603.2370292365872,589.9974299406562,594.866649835504,1459314
2024-03-11,AAPL,594.866649835504,606.9244965844799,580.6840931826029,603.5493316798886,2463841
2024-03-12,AAPL,603.5493316798886,626.3240664041471,590.6719534923765,593.5366416643071,3318162
2024-03-13,AAPL,593.5366416643071,609.6255643832448,574.7799084617844,588.0308748717916,1303268
2024-03-14,AAPL,588.0308748717916,608.225253072402,576.9427654389145,599.9183089700459,1612999
2024-03-15,AAPL,599.9183089700459,614.2419464442537,589.8349214446616,606.4328474930222,1245104
2024-03-18,AAPL,606.4328474930222,614.7728430491904,593.1928444321802,595.9092356898256,1781562
2024-03-19,AAPL,595.9092356898256,614.411712045947,588.4935627842344,609.4080610246483,1346295
2024-03-20,AAPL,609.4080610246483,615.7526866290789,589.2051844524242,599.5636940185504,4500145
2024-03-21,AAPL,599.5636940185504,610.8867017647433,585.2343409145657,603.0430250679065,3848599
2024-03-22,AAPL,603.0430250679065,621.7431286925647,591.4632162541153,600.5992729606966,3549573
2024-03-25,AAPL,600.5992729606966,609.8378120462464,589.1534403377899,595.17217213528,3906531
2024-03-26,AAPL,595.17217213528,623.7912993309793,583.9851456069243,593.8489141127445,3451748
2024-03-27,AAPL,593.8489141127445,615.1549288427354,569.5544017181763,582.367303509281,4679223
2024-03-28,AAPL,582.367303509281,599.3242908852857,556.520285390565,572.7533058888066,3048102
2024-03-29,AAPL,572.7533058888066,580.9729580619736,561.2273796135228,561.5116060566324,3882338
2024-04-01,AAPL,561.5116060566324,576.2714247124509,540.9065263794113,572.7242209663327,2319524
2024-04-02,AAPL,572.7242209663327,592.1256242736913,546.2639648404884,580.4440687150895,4129097
2024-04-03,AAPL,580.4440687150895,601.7097992274264,555.6166785271934,598.7734113893333,2271112
2024-04-04,AAPL,598.7734113893333,617.6002683912664,575.3135173532427,601.8856767162631,3427410
2024-04-05,AAPL,601.8856767162631,619.5320740808462,573.770176649801,595.8308311455806,2052152
2024-04-08,AAPL,595.8308311455806,616.5907601011493,572.7720181915511,594.7614950547679,2919164
2024-04-09,AAPL,594.7614950547679,608.1955053762024,566.5508810009673,592.1187120308662,1437750
2024-04-10,AAPL,592.1187120308662,621.1631262095925,575.8469558768617,603.2017452416387,2789025
2024-04-11,AAPL,603.2017452416387,628.2258913259666,596.4269298607437,616.0413979425394,2146969
2024-04-12,AAPL,616.0413979425394,628.6227757179147,589.8141900764896,599.083709789304,3747638
2024-04-15,AAPL,599.083709789304,622.0079060217244,591.2186243762513,594.8700766960937,1911374
2024-04-16,AAPL,594.8700766960937,608.8484477114222,568.4622970629205,600.992553035927,1345268
2024-04-17,AAPL,600.992553035927,627.3274179233088,571.1521196531809,579.4427309073951,1873125
2024-04-18,AAPL,579.4427309073951,605.7394969949113,553.0705130069206,601.2898889634519,2435039
2024-04-19,AAPL,601.2898889634519,628.7221510128188,594.2752328158895,596.6590245671347,2513353
2024-04-22,AAPL,596.6590245671347,605.8037515607289,576.6009046101068,595.6795584816373,4732631
2024-04-23,AAPL,595.6795584816373,619.9215691841155,582.9084225337926,613.5943816773037,2180261
2024-04-24,AAPL,613.5943816773037,627.6482786386177,593.0128909095699,618.8304884732161,3635433
2024-04-25,AAPL,618.8304884732161,646.4047297385894,602.7594720275277,609.7722981921413,4089202
2024-04-26,AAPL,609.7722981921413,636.7066447697937,581.8144872220182,596.5662584004488,1612322
2024-04-29,AAPL,596.5662584004488,603.7537071869665,576.4563073154941,600.9734335441063,4405955
2024-04-30,AAPL,600.9734335441063,626.1894520596223,589.324258738298,622.7414197473548,1612433
2024-05-01,AAPL,622.7414197473548,631.6184129659224,601.1373478932395,628.4438707358607,2456725
2024-05-02,AAPL,628.4438707358607,653.344964397322,611.7318391932644,628.6402129514689,4425378
2024-05-03,AAPL,628.6402129514689,657.0467418380355,613.5108501990234,639.1911824676974,1278828
2024-05-06,AAPL,639.1911824676974,660.5993554797809,621.3022734282451,657.1435882124543,4739224
2024-05-07,AAPL,657.1435882124543,680.3092259969256,643.5733203939458,655.0538885657598,4411729
2024-05-08,AAPL,655.0538885657598,669.6882472201613,632.982477602445,635.5360281476295,2021332
2024-05-09,AAPL,635.5360281476295,646.49606715463,618.1856176134291,621.9483562511989,2578414
2024-05-10,AAPL,621.9483562511989,647.4446850092041,614.1233659076454,637.6244404952593,2266538
2024-05-13,AAPL,637.6244404952593,656.4922213077608,617.8817460536807,624.0628329178203,2505411
2024-05-14,AAPL,624.0628329178203,631.1629758226218,593.6944349283767,627.612926295315,2227142
2024-05-15,AAPL,627.612926295315,644.6981815744944,620.6736540298933,624.2592753458631,2708144
2024-05-16,AAPL,624.2592753458631,637.5157061967554,613.8355500453702,619.8928358848156,3412081
2024-05-17,AAPL,619.8928358848156,650.0622119722877,607.2984822103457,640.7713460747585,2274718
2024-05-20,AAPL,640.7713460747585,662.593663707436,629.4801510929796,644.9969910599333,2414972
2024-05-21,AAPL,644.9969910599333,659.1121162276003,630.3813046848768,638.6281231412169,3690321
2024-05-22,AAPL,638.6281231412169,664.8386733347957,627.4757003113208,640.8728641539781,2532031
2024-05-23,AAPL,640.8728641539781,656.7441298400897,622.6279915290183,649.4332602302378,1073953
2024-05-24,AAPL,649.4332602302378,674.0836846467905,639.8734308423782,668.4170771327083,3828112
2024-05-27,AAPL,668.4170771327083,680.1144236483842,658.7937966134335,677.6280209672319,4296037
2024-05-28,AAPL,677.6280209672319,689.2654732521046,655.9591832928445,680.9780410230437,2991228
2024-05-29,AAPL,680.9780410230437,693.5634631277725,666.3573192440197,666.3705206758382,2267657
2024-05-30,AAPL,666.3705206758382,679.1513056179133,636.6310563029821,665.3423181165572,3550257
2024-05-31,AAPL,665.3423181165572,687.4752859877286,644.9154226079899,664.4759835462338,2438912
2024-06-03,AAPL,664.4759835462338,675.3206916916471,633.3739396123984,646.0792531073271,2933086
2024-06-04,AAPL,646.0792531073271,652.8205726048024,615.3945867959213,634.5235571192559,3513840
2024-06-05,AAPL,634.5235571192559,663.4022199968837,609.8980003740221,649.1798377515953,1394097
2024-06-06,AAPL,649.1798377515953,671.7314834533813,618.6763424543392,630.4831806664699,1491506
2023-12-11,GOOGL,509.0885459478416,517.9265386431986,491.3211172705554,500.8798169343824,1018684
2023-12-12,GOOGL,500.8798169343824,508.81947833051936,488.3216849352028,493.9863000522452,2043030
2023-12-13,GOOGL,493.9863000522452,505.209923339226,483.1550131281724,502.2862655284425,4856749
2023-12-14,GOOGL,502.2862655284425,517.2687632133238,489.4499344254154,506.8655868729283,4187228
2023-12-15,GOOGL,506.8655868729283,528.6400908256643,487.8897462273601,518.7466090034533,4413469
2023-12-18,GOOGL,518.7466090034533,541.324036921345,499.37124427257294,537.9745695746188,3093193
2023-12-19,GOOGL,537.9745695746188,547.7896934071475,521.6637972193171,545.1117104684364,4780259
2023-12-20,GOOGL,545.1117104684364,567.9988500929579,523.3917813045916,556.9520480487946,2929416
2023-12-21,GOOGL,556.9520480487946,566.6658892789616,531.6663185162142,559.1170477801787,3352323
2023-12-22,GOOGL,559.1170477801787,580.3905473496546,535.1073099727207,546.4897232236463,4719514
2023-12-25,GOOGL,546.4897232236463,566.6936338523174,521.6146797193556,536.3781531227708,3177545
2023-12-26,GOOGL,536.3781531227708,558.8850515375215,519.8610702179024,537.8876314174142,3670606
2023-12-27,GOOGL,537.8876314174142,552.3557257295399,519.399118909204,540.4439415303301,3735660
2023-12-28,GOOGL,540.4439415303301,563.9514353185103,532.2346539862382,533.7642680027717,2747797
2023-12-29,GOOGL,533.7642680027717,559.971583444725,522.6985934926946,535.7788407482758,2451857
2024-01-01,GOOGL,535.7788407482758,545.3810467897467,530.2789256192657,531.290823323854,1786185
2024-01-02,GOOGL,531.290823323854,539.034873163872,518.083705978284,519.5629599708192,3727276
2024-01-03,GOOGL,519.5629599708192,543.3107979958495,512.9460805561861,525.0008850007828,2090556
2024-01-04,GOOGL,525.0008850007828,545.673330343031,515.6844960269804,520.6851769804027,2608404
2024-01-05,GOOGL,520.6851769804027,526.107884389473,501.3505215724372,521.2644167129973,2876244
2024-01-08,GOOGL,521.2644167129973,536.507783489334,500.10840788350936,531.2495946907259,3213806
2024-01-09,GOOGL,531.2495946907259,549.1468197744364,519.6878115267428,543.0424481362905,2491101
2024-01-10,GOOGL,543.0424481362905,559.1544357496317,529.7780702615947,541.2139642248253,2151308
2024-01-11,GOOGL,541.2139642248253,567.5873034469038,530.4834500989242,537.5549617618358,1317496
2024-01-12,GOOGL,537.5549617618358,563.9979764430932,529.0230082496033,551.4284121971428,4494339
2024-01-15,GOOGL,551.4284121971428,577.1527785812763,543.3506329563382,552.8552187752422,4206665
2024-01-16,GOOGL,552.8552187752422,563.8262101947357,535.5804983477212,553.5927666080424,4774764
2024-01-17,GOOGL,553.5927666080424,575.6328357838062,534.66521474827,561.7555430265777,2037357
2024-01-18,GOOGL,561.7555430265777,568.556485475691,554.7533003032864,560.964890405616,4220268
2024-01-19,GOOGL,560.964890405616,571.7425289135604,535.8581246794837,541.3055446621506,4164352
2024-01-22,GOOGL,541.3055446621506,556.8960428308686,516.4231814968932,525.6752586844976,3771984
2024-01-23,GOOGL,525.6752586844976,534.907436085006,513.9712177147735,522.7892020252372,2357376
2024-01-24,GOOGL,522.7892020252372,542.1535276049303,501.87627676785183,518.0985159786693,2087906
2024-01-25,GOOGL,518.0985159786693,536.5420763957712,500.62529531026814,531.2448493073375,2902560
2024-01-26,GOOGL,531.2448493073375,542.6433370371209,525.5915760062104,534.5101076195998,1234512
2024-01-29,GOOGL,534.5101076195998,544.7949510662625,510.1650854618561,514.1069584448026,4825557
2024-01-30,GOOGL,514.1069584448026,532.3178524693218,491.6347116942848,514.239214284026,4446932
2024-01-31,GOOGL,514.239214284026,527.265721802133,498.3983040532773,510.59428148127006,1247534
2024-02-01,GOOGL,510.59428148127006,517.2588974478733,502.6166323344544,515.322232047509,4920140
2024-02-02,GOOGL,515.322232047509,537.1860956208677,495.2131268416305,502.9495180075823,4162274
2024-02-05,GOOGL,502.9495180075823,513.5977928030887,488.9169568895073,488.9517746103438,4576459
2024-02-06,GOOGL,488.9517746103438,505.2960549451537,477.10583234634566,485.0815151505081,1013577
2024-02-07,GOOGL,485.0815151505081,507.2422719054836,461.9697737080531,485.87560360072206,2022713
2024-02-08,GOOGL,485.87560360072206,495.9870862805028,466.4619957751223,474.5066768633421,3254679
2024-02-09,GOOGL,474.5066768633421,494.3209448318596,457.7383887574237,486.6233120187093,3480143
2024-02-12,GOOGL,486.6233120187093,492.4223296006365,469.2489486218168,469.8100726260566,1207251
2024-02-13,GOOGL,469.8100726260566,483.0762395052224,447.9614362089725,477.92816282898144,1894897
2024-02-14,GOOGL,477.92816282898144,489.4750591366013,458.7199113114589,474.7280200765218,4582722
2024-02-15,GOOGL,474.7280200765218,488.6170105990802,459.0075399429202,469.7677647120636,1978926
2024-02-16,GOOGL,469.7677647120636,476.9739816974943,450.05945269407385,463.8090252892986,1154034
2024-02-19,GOOGL,463.8090252892986,479.7966326355208,456.0292589405903,459.6907630877911,2976028
2024-02-20,GOOGL,459.6907630877911,479.5272990375036,445.5540758511424,448.4801864457809,2599175
2024-02-21,GOOGL,448.4801864457809,468.6683757538359,430.5336251006966,464.6974147884961,3134290
2024-02-22,GOOGL,464.6974147884961,469.6107957420664,455.05538226024487,461.8784698181223,3549481
2024-02-23,GOOGL,461.8784698181223,477.8268210226598,445.9449117438437,467.3738591345889,1407070
2024-02-26,GOOGL,467.3738591345889,480.9409885384022,445.8212544499264,446.743437823912,4295259
2024-02-27,GOOGL,446.743437823912,467.5333627779728,435.1425182119519,449.8282562237941,1845177
2024-02-28,GOOGL,449.8282562237941,460.5319089350079,429.6917443209416,452.79033211361207,2225328
2024-02-29,GOOGL,452.79033211361207,461.1420830116779,438.6966430301265,455.1464334961602,3882050
2024-03-01,GOOGL,455.1464334961602,471.26921508100287,436.0403414324604,440.0217891750186,4519625
2024-03-04,GOOGL,440.0217891750186,451.8031012053577,424.91253037477736,436.8259796326538,3465004
2024-03-05,GOOGL,436.8259796326538,454.4904408296307,429.5964669791834,444.3762585190424,3188361
2024-03-06,GOOGL,444.3762585190424,463.3513054092021,430.70138693617247,454.0142476879787,1997581
2024-03-07,GOOGL,454.0142476879787,466.3915392552762,445.0662498861456,464.458340627035,1324437
2024-03-08,GOOGL,464.458340627035,481.2335089029479,455.46522339154393,464.97492411842455,1059169
2024-03-11,GOOGL,464.97492411842455,479.2177198615094,449.809003342657,473.29821367662606,3254471
2024-03-12,GOOGL,473.29821367662606,481.1611875853904,459.8735888677151,469.3762337028123,1303878
2024-03-13,GOOGL,469.3762337028123,479.1289015525242,461.1056366527132,478.8468023961685,3265122
2024-03-14,GOOGL,478.8468023961685,492.6834102089896,470.7527590091982,482.3350400766132,2200682
2024-03-15,GOOGL,482.3350400766132,500.210030333371,458.9853992601975,463.06083449846216,2916936
2024-03-18,GOOGL,463.06083449846216,476.6299418932822,447.1517051168336,450.35862081250434,1110510
2024-03-19,GOOGL,450.35862081250434,455.8224594388808,433.9646258857969,438.5628596939043,3633649
2024-03-20,GOOGL,438.5628596939043,454.63974435672895,429.25575477693314,432.0560343100378,1157207
2024-03-21,GOOGL,432.0560343100378,443.9899159644176,424.2078873450633,440.82172300767473,4547251
2024-03-22,GOOGL,440.82172300767473,452.1948969667837,421.80788793276366,438.2753746105733,2150182
2024-03-25,GOOGL,438.2753746105733,452.3608757723906,423.57176521651166,451.8922234015415,3399544
2024-03-26,GOOGL,451.8922234015415,458.0551825134969,435.8048395814059,456.33456279309246,1311814
2024-03-27,GOOGL,456.33456279309246,463.6822855141625,438.4956990429273,462.5579955483021,4745305
2024-03-28,GOOGL,462.5579955483021,483.43134168077154,448.9864784991604,455.411959653396,4165351
2024-03-29,GOOGL,455.411959653396,467.1049840467713,446.0561088855509,452.8781326474059,1248032
2024-04-01,GOOGL,452.8781326474059,467.4044163495626,432.0476969948054,445.8600453212643,2764505
2024-04-02,GOOGL,445.8600453212643,467.86262971664337,440.8199205370254,456.4659232896025,1639444
2024-04-03,GOOGL,456.4659232896025,476.8981441936989,451.31930425736334,467.8851362029517,2909403
2024-04-04,GOOGL,467.8851362029517,476.6220229816543,463.0215147124376,466.8417112210778,2701517
2024-04-05,GOOGL,466.8417112210778,489.166023473966,458.427030941974,477.89810213708506,1101173
2024-04-08,GOOGL,477.89810213708506,497.94595809770976,462.4141900602281,474.6307232087289,2864975
2024-04-09,GOOGL,474.6307232087289,486.7282229189057,458.16395073715137,473.48336735098735,4016796
2024-04-10,GOOGL,473.48336735098735,491.70203900317233,463.16725387498514,476.4746895375423,3061825
2024-04-11,GOOGL,476.4746895375423,490.7710175791882,459.7102031992418,474.9696560898062,3721460
2024-04-12,GOOGL,474.9696560898062,495.27431631630407,464.8084033487892,484.78511743976605,4703750
2024-04-15,GOOGL,484.78511743976605,499.935862645172,476.8642625095003,482.9475714708355,2544347
2024-04-16,GOOGL,482.9475714708355,493.658789535469,467.6341810821517,482.1111461672262,4153450
2024-04-17,GOOGL,482.1111461672262,488.5050206018407,469.927855202312,474.6919978813232,1631574
2024-04-18,GOOGL,474.6919978813232,487.5419475205972,469.2215081789421,470.5235450356749,1725711
2024-04-19,GOOGL,470.5235450356749,481.5717141708823,453.3881925432136,453.73068381272265,3902226
2024-04-22,GOOGL,453.73068381272265,458.5558869971621,447.3106583673276,457.3955160105823,3132349
2024-04-23,GOOGL,457.3955160105823,472.4223835907328,451.53760417372666,460.2311339526359,4950268
2024-04-24,GOOGL,460.2311339526359,468.0343333025408,441.8471528451423,447.4045060344911,3705904
2024-04-25,GOOGL,447.4045060344911,453.141621887336,429.5672291995333,443.85276526739176,4338084
2024-04-26,GOOGL,443.85276526739176,456.7120401261741,426.81225211475663,435.3137349547808,2971401
2024-04-29,GOOGL,435.3137349547808,450.4094889169598,418.9866067835438,438.3650026134848,2884871
2024-04-30,GOOGL,438.3650026134848,446.66997231417577,431.4074037413438,436.8752278877869,1234402
2024-05-01,GOOGL,436.8752278877869,444.63287781374447,429.8631089900916,438.7937031286935,3382616
2024-05-02,GOOGL,438.7937031286935,450.2695414222047,419.6714702285855,447.04011649771695,4933737
2024-05-03,GOOGL,447.04011649771695,466.2818906726408,433.8489072015949,450.31700769291695,2959693
2024-05-06,GOOGL,450.31700769291695,461.45933766032346,441.5725256096521,441.7651584608444,1734465
2024-05-07,GOOGL,441.7651584608444,459.3911043151433,425.5765533635915,449.4578200692782,1158850
2024-05-08,GOOGL,449.4578200692782,459.91701118519234,438.3082388605602,445.10604910365765,3466821
2024-05-09,GOOGL,445.10604910365765,464.9345608750992,438.7413414733993,443.3941667949312,1722521
2024-05-10,GOOGL,443.3941667949312,450.4864952673863,435.0704339181784,449.1033031878633,3468433
2024-05-13,GOOGL,449.1033031878633,464.6787521585297,433.5897530833943,447.02886226666607,3397972
2024-05-14,GOOGL,447.02886226666607,468.54687050886537,427.931910482186,462.3751635638575,4063774
2024-05-15,GOOGL,462.3751635638575,469.1339414639321,441.47094849677774,444.43892328894,2125894
2024-05-16,GOOGL,444.43892328894,450.9038634690188,437.9347588245445,449.6327953568671,1867680
2024-05-17,GOOGL,449.6327953568671,456.7137132425196,431.6891329553044,453.99961220533,3277999
2024-05-20,GOOGL,453.99961220533,460.7446004178293,447.4235277050372,448.9130819242354,2121639
2024-05-21,GOOGL,448.9130819242354,455.71419310100765,439.81730191669686,445.6503292919261,4202667
2024-05-22,GOOGL,445.6503292919261,450.89166335068217,425.0528445616315,445.7019937721802,1476646
2024-05-23,GOOGL,445.7019937721802,457.6925073484397,437.12151436171087,450.4802274631961,2791785
2024-05-24,GOOGL,450.4802274631961,460.77428489314894,428.1746542490456,450.99228627050974,1497372
2024-05-27,GOOGL,450.99228627050974,456.4977412477731,435.3903551140884,444.1055950431426,2367669
2024-05-28,GOOGL,444.1055950431426,449.3322311817424,430.3575946985784,446.3831063152887,2492248
2024-05-29,GOOGL,446.3831063152887,465.08949342483015,439.22318365104553,453.2441291094976,4553929
2024-05-30,GOOGL,453.2441291094976,470.4053994003961,433.22825186782137,460.428780635038,2926846
2024-05-31,GOOGL,460.428780635038,479.9516530989269,455.2084353465826,465.22377065883165,4090879
2024-06-03,GOOGL,465.22377065883165,473.3745864350827,451.026534220972,466.9825724863115,1920633
2024-06-04,GOOGL,466.9825724863115,479.6569805058746,451.0069431521636,474.8295958276199,4582330
2024-06-05,GOOGL,474.8295958276199,493.6511203010057,465.1133971201563,486.0544373565692,1105034
2024-06-06,GOOGL,486.0544373565692,492.7163208918659,464.5711472365343,491.23002767120346,2874495
2023-12-11,MSFT,1269.0293286090423,1296.2348200080403,1234.8092682855722,1239.8475843632752,2052936
2023-12-12,MSFT,1239.8475843632752,1265.1499562609024,1209.9356597049796,1224.753262693146,3317953
2023-12-13,MSFT,1224.753262693146,1276.1204378621774,1171.9224211834276,1182.5899440122162,4713201
2023-12-14,MSFT,1182.5899440122162,1225.3848186683167,1125.2011450566945,1225.123746575158,1233167
2023-12-15,MSFT,1225.123746575158,1248.9286323850952,1176.6105927727613,1208.1894457762317,4597053
2023-12-18,MSFT,1208.1894457762317,1240.887020500281,1164.7429846070809,1196.5504059275609,3828879
2023-12-19,MSFT,1196.5504059275609,1236.5101689008088,1170.175915608703,1228.3788813552746,3498757
2023-12-20,MSFT,1228.3788813552746,1248.7557220977883,1186.0528838900495,1244.803601059362,3891880
2023-12-21,MSFT,1244.803601059362,1297.1213340928105,1216.5888963294196,1259.624294708493,3276058
2023-12-22,MSFT,1259.624294708493,1279.9174332556531,1198.3215827673266,1276.2893960162642,1766815
2023-12-25,MSFT,1276.2893960162642,1310.9024644479389,1226.234624311922,1284.480449433183,4361956
2023-12-26,MSFT,1284.480449433183,1343.4222610092254,1260.8672939747396,1295.326544911854,2738503
2023-12-27,MSFT,1295.326544911854,1352.947981644484,1251.331905380639,1252.2442527067628,4024334
2023-12-28,MSFT,1252.2442527067628,1293.2633374574598,1225.3093648502063,1249.529941808982,1855330
2023-12-29,MSFT,1249.529941808982,1303.9327032925191,1215.7423821083644,1223.4830192062716,4567048
2024-01-01,MSFT,1223.4830192062716,1238.185291142952,1204.5417921073092,1209.9099264166314,1489107
2024-01-02,MSFT,1209.9099264166314,1226.7639752106545,1167.72929091103,1195.175869956208,4007677
2024-01-03,MSFT,1195.175869956208,1242.7480038962376,1154.0689657147884,1158.7295148476578,2644561
2024-01-04,MSFT,1158.7295148476578,1189.1809632766451,1132.003917086205,1164.6622118984094,3559910
2024-01-05,MSFT,1164.6622118984094,1192.754924967492,1108.2423763394363,1139.6941223616188,2932747
2024-01-08,MSFT,1139.6941223616188,1174.1681617458066,1111.3514372865457,1114.174662703813,3599534
2024-01-09,MSFT,1114.174662703813,1137.9361999573252,1085.4766194221252,1125.244413417502,1812685
2024-01-10,MSFT,1125.244413417502,1148.7870584457326,1112.1173672786394,1112.400341723492,4948984
2024-01-11,MSFT,1112.400341723492,1166.4793800335349,1078.0871668911743,1132.2117318228738,1383177
2024-01-12,MSFT,1132.2117318228738,1158.737765256686,1085.0135408089072,1142.219155130757,3332702
2024-01-15,MSFT,1142.219155130757,1178.9320340759646,1102.8462748550994,1160.4258504653765,2797960
2024-01-16,MSFT,1160.4258504653765,1175.830476083481,1139.325808211472,1150.4734122066536,2527095
2024-01-17,MSFT,1150.4734122066536,1165.5575227874156,1128.1417718006571,1138.3700898989905,2481838
2024-01-18,MSFT,1138.3700898989905,1189.1469882003423,1100.8029106921747,1137.3091875635796,2203367
2024-01-19,MSFT,1137.3091875635796,1167.6442421281697,1111.9826703307456,1113.6915502721731,4967666
2024-01-22,MSFT,1113.6915502721731,1136.087393852698,1080.8086765535904,1085.4047562282233,4184945
2024-01-23,MSFT,1085.4047562282233,1128.6631729854807,1063.0399055694695,1125.111336291439,2768892
2024-01-24,MSFT,1125.111336291439,1171.2397389503883,1089.5930546742568,1136.1959785228887,4407120
2024-01-25,MSFT,1136.1959785228887,1188.7689496756536,1088.4847411327105,1165.5458530584435,1449831
2024-01-26,MSFT,1165.5458530584435,1208.7077771930192,1111.911186628694,1173.9208075333493,3535902
2024-01-29,MSFT,1173.9208075333493,1210.4462398936694,1150.0552885609195,1151.5257579142522,4353426
2024-01-30,MSFT,1151.5257579142522,1179.9498515464743,1102.0999872292916,1172.9953163756395,4768108
2024-01-31,MSFT,1172.9953163756395,1197.8022998849465,1159.6661802282767,1190.130628434844,1672154
2024-02-01,MSFT,1190.130628434844,1246.887695371026,1156.528557242849,1224.48146484848,2167594
2024-02-02,MSFT,1224.48146484848,1268.6681543210318,1169.7629646586586,1227.6042225566025,1593580
2024-02-05,MSFT,1227.6042225566025,1271.777997819836,1210.2310835829228,1228.2857698921807,4841310
2024-02-06,MSFT,1228.2857698921807,1288.197157963397,1208.5821436908393,1234.5015757096735,1406808
2024-02-07,MSFT,1234.5015757096735,1284.7954218481505,1206.8997573457143,1220.655880158704,2736609
2024-02-08,MSFT,1220.655880158704,1269.8779637101554,1177.8686679836817,1207.6806072156153,1801391
2024-02-09,MSFT,1207.6806072156153,1257.0792345997068,1180.8665605490555,1206.3992109680894,2936207
2024-02-12,MSFT,1206.3992109680894,1235.2172463783422,1147.671384670896,1156.7942333997155,4283605
2024-02-13,MSFT,1156.7942333997155,1182.382059215272,1103.0184101793548,1123.2145204493136,1676858
2024-02-14,MSFT,1123.2145204493136,1146.04281301797,1090.548249192292,1106.830846674904,1312227
2024-02-15,MSFT,1106.830846674904,1122.3849582887542,1090.8009394985868,1121.750027143154,3159187
2024-02-16,MSFT,1121.750027143154,1170.9240219659926,1078.363295358135,1092.6905429194337,1628747
2024-02-19,MSFT,1092.6905429194337,1119.0897256058474,1039.3393057949827,1068.495643889214,4236762
2024-02-20,MSFT,1068.495643889214,1119.3444025153733,1036.101177913098,1099.3392550506026,3075155
2024-02-21,MSFT,1099.3392550506026,1152.604345318298,1066.6303413563862,1072.2547580836008,3680360
2024-02-22,MSFT,1072.2547580836008,1117.837237605359,1048.201104345575,1061.200412793982,2868274
2024-02-23,MSFT,1061.200412793982,1091.3740649071765,1013.6354050356646,1050.435867263957,2066520
2024-02-26,MSFT,1050.435867263957,1074.106284003686,1007.8850781928758,1033.4796772168943,1912707
2024-02-27,MSFT,1033.4796772168943,1044.1135559717716,996.3679338948696,1009.2810782513728,1565201
2024-02-28,MSFT,1009.2810782513728,1041.888842560836,961.24069234618,997.2468628200348,2113551
2024-02-29,MSFT,997.2468628200348,1026.9162318663648,972.5078385295352,1009.1783142150604,2869730
2024-03-01,MSFT,1009.1783142150604,1045.4098528943491,976.9157130507976,990.6245526597056,1634155
2024-03-04,MSFT,990.6245526597056,1024.6715569434757,948.0595653455096,1014.7293645859202,4950356
2024-03-05,MSFT,1014.7293645859202,1056.747696688558,979.9491378811445,1028.575130918924,3069602
2024-03-06,MSFT,1028.575130918924,1042.445689201735,980.9408687260124,1037.9982528671917,4696559
2024-03-07,MSFT,1037.9982528671917,1050.9608585554504,1026.8640767917725,1046.39940686773,2972303
2024-03-08,MSFT,1046.39940686773,1088.1811697338833,1000.5535011859138,1026.3172129847649,4286951
2024-03-11,MSFT,1026.3172129847649,1063.3812746441206,975.8771059978336,1061.2703805679434,1820002
2024-03-12,MSFT,1061.2703805679434,1093.7047111519414,1038.3595475181585,1038.7254936076736,3580428
2024-03-13,MSFT,1038.7254936076736,1074.6397679045135,993.0109916026458,997.9767123821788,2269354
2024-03-14,MSFT,997.9767123821788,1031.2735342385988,971.0685819118684,1006.0620468698462,2571833
2024-03-15,MSFT,1006.0620468698462,1034.64031949423,995.3883378813024,1001.2059263090453,3471151
2024-03-18,MSFT,1001.2059263090453,1014.5176578749786,975.8383016348616,988.139436624036,1333027
2024-03-19,MSFT,988.139436624036,1024.7214967265177,963.6502711375522,964.8513618999638,3631581
2024-03-20,MSFT,964.8513618999638,994.328078431956,933.5101643280632,992.5375522612428,3131082
2024-03-21,MSFT,992.5375522612428,1022.4005516697129,982.3915454511332,1013.1484527804172,3889049
2024-03-22,MSFT,1013.1484527804172,1034.905529110656,995.238721079366,997.6159567106808,3516490
2024-03-25,MSFT,997.6159567106808,1010.449119000808,981.0953398663736,999.2026635490464,3203877
2024-03-26,MSFT,999.2026635490464,1031.910382893813,959.6356064770308,964.2200893803284,4019860
2024-03-27,MSFT,964.2200893803284,992.4938777850408,947.9802570257172,969.8725556027412,2758557
2024-03-28,MSFT,969.8725556027412,1001.8207419675686,949.9054257089622,989.223109467009,3631588
2024-03-29,MSFT,989.223109467009,1031.1662206171557,941.7269988353906,983.143366355368,1329673
2024-04-01,MSFT,983.143366355368,1020.7583782014976,945.1521806685666,1009.0575167903116,3010222
2024-04-02,MSFT,1009.0575167903116,1041.3890157063,990.56145964898,1003.7792271967388,2410692
2024-04-03,MSFT,1003.7792271967388,1048.9262192459796,993.3374160734307,1014.896013201355,1748981
2024-04-04,MSFT,1014.896013201355,1046.9584145007157,968.1436293809502,1019.4788758863466,1763222
2024-04-05,MSFT,1019.4788758863466,1031.153940310506,977.7319536082148,1007.0977854771284,3197389
2024-04-08,MSFT,1007.0977854771284,1055.5050676819983,962.1500783859132,963.2865162276606,2370164
2024-04-09,MSFT,963.2865162276606,998.2289266866596,951.5225190646404,958.5689046064814,2672996
2024-04-10,MSFT,958.5689046064814,1002.889193873987,935.380776322378,996.7933164212474,1025462
2024-04-11,MSFT,996.7933164212474,1010.73767729054,977.7433889873522,1007.3032268588696,4412514
2024-04-12,MSFT,1007.3032268588696,1042.3861511718203,993.7968468657214,1007.1881185939658,4214130
2024-04-15,MSFT,1007.1881185939658,1020.5223657090404,989.1629826973556,999.7782931062436,4242903
2024-04-16,MSFT,999.7782931062436,1020.6106506859142,982.8951957642212,1001.3758446776732,1214611
2024-04-17,MSFT,1001.3758446776732,1051.2502565296998,968.2106492558456,1045.1736480348782,1388590
2024-04-18,MSFT,1045.1736480348782,1084.5999097412996,1017.9470619692444,1058.5052806515505,1897217
2024-04-19,MSFT,1058.5052806515505,1076.2597319390093,1006.050537818228,1021.1970678846956,4517589
2024-04-22,MSFT,1021.1970678846956,1033.966896196448,998.5416705394176,1008.5643152580247,1336471
2024-04-23,MSFT,1008.5643152580247,1018.8417724983916,990.6514828032316,1008.7984008938186,4605916
2024-04-24,MSFT,1008.7984008938186,1052.0321560888997,987.6264390701864,1022.5290267432332,4866091
2024-04-25,MSFT,1022.5290267432332,1056.0609467668637,996.9690152158448,1014.28326569849,3209933
2024-04-26,MSFT,1014.28326569849,1049.6852921638556,991.6827665035624,1034.0643529741817,1781742
2024-04-29,MSFT,1034.0643529741817,1058.7886298338185,987.0005484296768,989.1215553122228,4973541
2024-04-30,MSFT,989.1215553122228,1035.959202470478,955.9273004142532,957.1689612341256,1971138
2024-05-01,MSFT,957.1689612341256,997.6324026148034,919.3999722307216,989.1340796068694,3468318
2024-05-02,MSFT,989.1340796068694,1020.8469446792808,948.774265207668,1010.7393454069888,4699680
2024-05-03,MSFT,1010.7393454069888,1059.9545809411225,980.154694439204,999.8059126830694,1757195
2024-05-06,MSFT,999.8059126830694,1025.3639599275325,979.185478254502,1008.6773933771698,1188926
2024-05-07,MSFT,1008.6773933771698,1058.2454307304731,963.8248710842464,1038.7331405439925,3125043
2024-05-08,MSFT,1038.7331405439925,1078.697523091736,1020.6885237983652,1025.8333482103644,2098867
2024-05-09,MSFT,1025.8333482103644,1040.5007361015046,989.1131116544768,992.3441594881368,3785882
2024-05-10,MSFT,992.3441594881368,1026.9930692794003,977.2475938875072,1007.9430986063188,2116296
2024-05-13,MSFT,1007.9430986063188,1051.4492681085153,990.4176781981,1010.9746169795995,2031916
2024-05-14,MSFT,1010.9746169795995,1053.248031053719,975.2150463091492,1004.9039318098138,1279919
2024-05-15,MSFT,1004.9039318098138,1046.0962594806515,980.836001002416,989.3234807178306,4044276
2024-05-16,MSFT,989.3234807178306,1029.3126093328417,956.8784401469344,1020.2356733754216,3292078
2024-05-17,MSFT,1020.2356733754216,1038.109736669319,1006.5229653496216,1010.2783636539918,4877189
2024-05-20,MSFT,1010.2783636539918,1026.9929320996716,983.4664737262814,1023.8023446589314,4822363
2024-05-21,MSFT,1023.8023446589314,1035.1594957397178,1010.2875954737012,1024.2840660657714,4726253
2024-05-22,MSFT,1024.2840660657714,1052.8568076292431,1009.3419442542043,1023.9306947814448,2748775
2024-05-23,MSFT,1023.9306947814448,1035.371208313525,1008.2536265520296,1012.5192503789764,1051596
2024-05-24,MSFT,1012.5192503789764,1051.246224636344,988.233080939864,1017.7561324160654,1581623
2024-05-27,MSFT,1017.7561324160654,1043.2385959060553,974.6718232497176,998.7565609738052,4644766
2024-05-28,MSFT,998.7565609738052,1033.17637517089,963.958946758275,1023.1317938959818,1635843
2024-05-29,MSFT,1023.1317938959818,1067.5667306848018,1011.0968213497276,1060.0426585964158,4426933
2024-05-30,MSFT,1060.0426585964158,1093.4970813218877,1027.5288331748425,1048.5301401639,2143859
2024-05-31,MSFT,1048.5301401639,1074.9519235896962,1013.5163092863728,1067.5511368308505,1596157
2024-06-03,MSFT,1067.5511368308505,1086.3525427839388,1036.7084464508664,1074.322283695128,3796594
2024-06-04,MSFT,1074.322283695128,1100.1003404501853,1056.9699223710688,1098.7215273246911,3074239
2024-06-05,MSFT,1098.7215273246911,1133.9818252540902,1048.8059524991706,1085.180290868849,2331958
2024-06-06,MSFT,1085.180290868849,1097.530213987142,1061.492433585092,1075.13254445269,3454292
2023-12-11,AMZN,494.2667880732093,517.3098668528388,479.3159572070565,492.5137948661904,1789059
2023-12-12,AMZN,492.5137948661904,503.93335868682016,483.704886976532,500.4222432722387,3145575
2023-12-13,AMZN,500.4222432722387,506.9786779946938,495.0851152678914,506.6122120868135,4774735
2023-12-14,AMZN,506.6122120868135,512.0622333163561,488.9012204471389,504.2451350319759,1349666
2023-12-15,AMZN,504.2451350319759,519.7408047449302,497.98241116086245,498.3982495776814,3489839
2023-12-18,AMZN,498.3982495776814,514.2801699003695,490.93058042762107,492.2364082961192,1587439
2023-12-19,AMZN,492.2364082961192,505.2846655357945,481.0175655841643,496.9942276221168,3896993
2023-12-20,AMZN,496.9942276221168,503.4925484975427,480.74221200277833,482.7888299862396,1847898
2023-12-21,AMZN,482.7888299862396,492.2912590729884,476.6584802358127,488.2754460972352,4727328
2023-12-22,AMZN,488.2754460972352,510.091267414235,478.1628944869363,494.0972286761009,4037876
2023-12-25,AMZN,494.0972286761009,509.1136908858426,472.0807459131805,502.3201362739565,1855211
2023-12-26,AMZN,502.3201362739565,516.105207030702,480.9356014010981,481.2360500510957,1130871
2023-12-27,AMZN,481.2360500510957,503.26506300269966,462.39209699084313,463.4986273579865,4886619
2023-12-28,AMZN,463.4986273579865,472.84232361258233,440.94746389672304,470.1077390173916,4131395
2023-12-29,AMZN,470.1077390173916,488.5662372954552,451.631173020233,469.1298787252352,4680413
2024-01-01,AMZN,469.1298787252352,485.7872247341156,459.193807552431,479.4774228777053,4164983
2024-01-02,AMZN,479.4774228777053,499.7130615067934,459.0201087474831,467.0887199006776,3113296
2024-01-03,AMZN,467.0887199006776,481.0324423894591,445.0968786467243,469.5738585379312,1200825
2024-01-04,AMZN,469.5738585379312,481.1986679645444,447.1742940802122,449.4326879323122,3351242
2024-01-05,AMZN,449.4326879323122,465.560161981384,437.11997345842167,442.6924150579356,1386284
2024-01-08,AMZN,442.6924150579356,463.8771374201685,428.8580100786101,436.3754447144915,4091827
2024-01-09,AMZN,436.3754447144915,447.8243002018348,416.43656364334265,433.4822914138438,4412402
2024-01-10,AMZN,433.4822914138438,450.071834808478,424.6122866819023,437.5067697720033,1778019
2024-01-11,AMZN,437.5067697720033,455.79520717969945,423.4570552595261,428.9363449767423,3255806
2024-01-12,AMZN,428.9363449767423,438.3620547362238,408.4516217456072,414.8643466466466,1916025
2024-01-15,AMZN,414.8643466466466,424.4521522601662,400.26492921456287,417.33469885041023,4950319
2024-01-16,AMZN,417.33469885041023,429.0422289308608,407.1148740165031,412.90828838599725,2673276
2024-01-17,AMZN,412.90828838599725,425.4030941946968,407.61193591521214,420.81474334592014,3745711
2024-01-18,AMZN,420.81474334592014,432.0048385898709,402.8577157210482,421.5547903484219,4234647
2024-01-19,AMZN,421.5547903484219,434.1677160738437,415.8411689417504,429.25783791452005,1030362
2024-01-22,AMZN,429.25783791452005,445.4378404022896,422.7911141342915,430.3825967188751,4491412
2024-01-23,AMZN,430.3825967188751,445.8911713969422,417.802622239598,419.706680842555,1296147
2024-01-24,AMZN,419.706680842555,425.4206065033866,400.22414937340886,403.3585424666142,2179743
2024-01-25,AMZN,403.3585424666142,407.8546194950334,386.0166685938012,404.1272045278584,2208021
2024-01-26,AMZN,404.1272045278584,410.17801866642446,393.7325270754979,398.1349074307938,2711844
2024-01-29,AMZN,398.1349074307938,413.31318294667744,394.08169082669,395.29844046191215,4779954
2024-01-30,AMZN,395.29844046191215,401.2719212276196,389.3510713406232,389.48690698052826,1252877
2024-01-31,AMZN,389.48690698052826,401.63278165649393,370.2828768415936,370.3495063007387,3848026
2024-02-01,AMZN,370.3495063007387,380.2994427636615,362.58242859128006,362.7145748533888,2647484
2024-02-02,AMZN,362.7145748533888,366.8073702291746,358.595472089726,360.5100519175184,4708283
2024-02-05,AMZN,360.5100519175184,365.1636459139882,354.14328222668564,363.77553903807615,2410682
2024-02-06,AMZN,363.77553903807615,374.0789264158553,355.9267955588533,360.21602111745705,2689041
2024-02-07,AMZN,360.21602111745705,365.1480843951167,342.6895499902417,345.39939341489946,3432890
2024-02-08,AMZN,345.39939341489946,361.877350869486,335.2965072277693,338.33306862627524,4900961
2024-02-09,AMZN,338.33306862627524,350.6465916243313,325.46388168550743,344.2048602307929,4858635
2024-02-12,AMZN,344.2048602307929,359.37155764292726,338.63258555885096,350.0586782469056,1417073
2024-02-13,AMZN,350.0586782469056,355.6914143961864,334.11106205267606,342.1272001437184,1514539
2024-02-14,AMZN,342.1272001437184,356.6894692225876,332.62232000293744,346.2437911776975,4112607
2024-02-15,AMZN,346.2437911776975,359.4597211824489,330.3386592508576,341.39908112224674,1257998
2024-02-16,AMZN,341.39908112224674,348.5816757866773,337.098336276664,338.543075859089,1033669
2024-02-19,AMZN,338.543075859089,349.586054712858,328.59533146821866,342.2683289891266,4805951
2024-02-20,AMZN,342.2683289891266,355.0548326259938,331.43086541512,353.2786323049765,2829629
2024-02-21,AMZN,353.2786323049765,364.7022522600704,341.2706189067709,361.8070935892545,3534869
2024-02-22,AMZN,361.8070935892545,373.7520343250581,352.6660236675356,357.5761173141889,1544362
2024-02-23,AMZN,357.5761173141889,373.3174993385627,347.91418986415886,362.3731964031188,2151313
2024-02-26,AMZN,362.3731964031188,377.40520798282313,356.9484363102151,377.3257300930168,4670215
2024-02-27,AMZN,377.3257300930168,386.7044411159021,363.3179743563121,373.2157178946164,1743700
2024-02-28,AMZN,373.2157178946164,387.4916975530648,362.05444567312793,384.57152836429714,1505768
2024-02-29,AMZN,384.57152836429714,401.54059839877385,379.3648845920437,389.4915083032854,3501497
2024-03-01,AMZN,389.4915083032854,404.59739986256784,371.78178079255554,390.3586138157965,1423443
2024-03-04,AMZN,390.3586138157965,408.3039879949124,380.6948065731468,402.7725036370957,2569749
2024-03-05,AMZN,402.7725036370957,415.0385514562121,396.0093812890665,411.32523976007866,4310658
2024-03-06,AMZN,411.32523976007866,422.2750995360156,391.3351876592886,409.804527581766,4269256
2024-03-07,AMZN,409.804527581766,418.9645834235884,394.87701465554096,412.2535816094074,2349258
2024-03-08,AMZN,412.2535816094074,425.6422447441879,399.7059732507034,403.6718274437677,2353499
2024-03-11,AMZN,403.6718274437677,416.6522963997563,386.1913564860705,412.29280143233774,4688771
2024-03-12,AMZN,412.29280143233774,420.5546811825208,392.41795748401057,415.5319657979346,2194315
2024-03-13,AMZN,415.5319657979346,419.7309422229393,411.1713382650184,418.9540593275812,3059354
2024-03-14,AMZN,418.9540593275812,424.6056780380949,413.0326868443093,423.9354887442343,3076726
2024-03-15,AMZN,423.9354887442343,441.6507862565575,412.6271828602789,419.8954437554983,2768801
2024-03-18,AMZN,419.8954437554983,436.0927803281461,404.1664162394567,420.5010942073632,2242352
2024-03-19,AMZN,420.5010942073632,428.7241555063849,412.5561450568823,421.1944500336844,4967181
2024-03-20,AMZN,421.1944500336844,432.6290112772775,411.97963407064606,427.8172374141349,4883193
2024-03-21,AMZN,427.8172374141349,437.6376790140196,413.2142984429823,421.6348235938509,1498400
2024-03-22,AMZN,421.6348235938509,426.8784847092107,412.9139816335584,416.5462044390129,1222687
2024-03-25,AMZN,416.5462044390129,428.3779519492009,406.3953148731281,412.6961415469232,4729985
2024-03-26,AMZN,412.6961415469232,426.4155447789484,407.4121777556613,408.1645472762929,2720543
2024-03-27,AMZN,408.1645472762929,423.9966390870417,391.0184604359251,399.1150513440968,2864325
2024-03-28,AMZN,399.1150513440968,404.1331545797094,385.0474842136924,399.95114683587786,4711309
2024-03-29,AMZN,399.95114683587786,414.9002584894774,390.35362324056166,390.7750358757254,3854356
2024-04-01,AMZN,390.7750358757254,409.52923311231206,379.2337910742056,404.8166383132356,2312719
2024-04-02,AMZN,404.8166383132356,419.9291091280877,399.35801569610976,415.5840845417003,4739944
2024-04-03,AMZN,415.5840845417003,428.92873799440895,407.7247689276666,424.0644912909413,4600286
2024-04-04,AMZN,424.0644912909413,430.0751156818359,416.8553214284158,422.9353908558518,1467903
2024-04-05,AMZN,422.9353908558518,431.4101215358249,413.290895370551,429.3429651972422,1443987
2024-04-08,AMZN,429.3429651972422,440.144588034985,418.9962455897141,426.3130759105642,1080671
2024-04-09,AMZN,426.3130759105642,443.8665309062553,417.68326893199776,437.38434252409945,4434249
2024-04-10,AMZN,437.38434252409945,459.1692997409708,421.8552035463424,431.9672062266252,2148717
2024-04-11,AMZN,431.9672062266252,441.48762893077287,423.6960496660194,434.395698697786,2054458
2024-04-12,AMZN,434.395698697786,448.29967604504816,423.7028088515696,447.342077067754,2018545
2024-04-15,AMZN,447.342077067754,464.2189239184474,429.2414178830334,458.8698224522622,2495475
2024-04-16,AMZN,458.8698224522622,478.7320639457818,453.02936976477,465.67557140076553,3914302
2024-04-17,AMZN,465.67557140076553,479.6951979225055,457.66212278123055,473.9580425610168,3795754
2024-04-18,AMZN,473.9580425610168,495.3219369885419,460.4450020081623,483.5427435222277,2158538
2024-04-19,AMZN,483.5427435222277,497.9031242151352,472.52418278984817,473.7140390722804,2719408
2024-04-22,AMZN,473.7140390722804,493.320514536961,467.0908358885634,479.304815353686,4143957
2024-04-23,AMZN,479.304815353686,485.50214947766926,456.6741041677922,464.0812416953511,1675528
2024-04-24,AMZN,464.0812416953511,470.1282169385408,444.89019408395,457.102221280104,2738837
2024-04-25,AMZN,457.102221280104,469.2953437340017,438.0562292668664,448.1874093869597,4440065
2024-04-26,AMZN,448.1874093869597,470.0881348928152,440.3071464606229,451.76762743257177,2326512
2024-04-29,AMZN,451.76762743257177,457.3328968528472,431.8503996018579,448.9886082537382,1111251
2024-04-30,AMZN,448.9886082537382,467.9917072508515,427.7777444560959,439.4210603652587,2977505
2024-05-01,AMZN,439.4210603652587,455.9740802409224,434.72633790915546,434.8953506935468,2780266
2024-05-02,AMZN,434.8953506935468,439.97919284729113,425.5705382102012,436.2015106346291,3267703
2024-05-03,AMZN,436.2015106346291,451.8809276448764,421.6958600486043,425.6336315946684,4933548
2024-05-06,AMZN,425.6336315946684,435.5011543116945,411.5524446300678,425.5618200951717,3406047
2024-05-07,AMZN,425.5618200951717,438.7034271082884,417.2391805689522,430.8865848271169,4910859
2024-05-08,AMZN,430.8865848271169,440.0295239043209,412.5291779543876,419.1231319776105,2339297
2024-05-09,AMZN,419.1231319776105,437.5374812818374,411.56860431834014,412.5813880178976,1531237
2024-05-10,AMZN,412.5813880178976,425.08267311011855,396.283333709114,408.1974587292321,2991070
2024-05-13,AMZN,408.1974587292321,424.9183340188264,400.3908884421927,411.77491022783846,4267762
2024-05-14,AMZN,411.77491022783846,432.1530634463141,394.9511429613778,412.9612512509831,4626005
2024-05-15,AMZN,412.9612512509831,417.1088883406792,403.0598394245721,404.8664892173759,1316445
2024-05-16,AMZN,404.8664892173759,417.32439486664606,400.6202844831824,412.6461305896514,2204254
2024-05-17,AMZN,412.6461305896514,422.5422613470753,405.40702078346135,406.9752979002791,2575777
2024-05-20,AMZN,406.9752979002791,422.6192728730081,402.2314353295371,422.4951950636934,3814853
2024-05-21,AMZN,422.4951950636934,440.6504444559772,404.85106127323576,410.70620601034057,2952907
2024-05-22,AMZN,410.70620601034057,424.15249491456,402.1419807574823,423.4247656046883,3090934
2024-05-23,AMZN,423.4247656046883,440.715742741784,417.7549890964216,418.0635394779551,3902864
2024-05-24,AMZN,418.0635394779551,423.7484250640283,411.22592735287685,421.4260549352538,4783045
2024-05-27,AMZN,421.4260549352538,435.48315804400215,415.5742882875229,424.21929553483386,1525904
2024-05-28,AMZN,424.21929553483386,438.8830669393541,412.2232740003883,424.0705063077292,3272533
2024-05-29,AMZN,424.0705063077292,429.0575596174552,403.0245586744388,417.08850133440274,4800754
2024-05-30,AMZN,417.08850133440274,436.90751487610055,404.1430537003355,416.6930828844632,1405909
2024-05-31,AMZN,416.6930828844632,436.8003351823662,400.45990233122586,404.33790219265626,3569377
2024-06-03,AMZN,404.33790219265626,417.4204956295095,397.72509332980735,413.8590307741722,2264573
2024-06-04,AMZN,413.8590307741722,429.8388431313871,400.1771300435548,416.2471968812299,4293237
2024-06-05,AMZN,416.2471968812299,428.7584096696452,397.4226850176093,397.7454750940533,1178509
2024-06-06,AMZN,397.7454750940533,404.3639287265919,387.2212612645761,398.7782798223712,3031922
2023-12-11,TSLA,683.3280474167758,690.7685711655217,668.3370541621458,684.7577027920164,3481930
2023-12-12,TSLA,684.7577027920164,700.4280076466883,670.3966363522725,685.5527440073319,1715961
2023-12-13,TSLA,685.5527440073319,694.3342033601715,666.479541901247,688.788699831385,4714497
2023-12-14,TSLA,688.788699831385,699.611296636767,677.9279819848695,687.9910514845861,4834773
2023-12-15,TSLA,687.9910514845861,719.418354875565,680.2817306982179,692.4165923117326,2454298
2023-12-18,TSLA,692.4165923117326,708.194007011864,681.0795253920148,702.5571024492002,2684086
2023-12-19,TSLA,702.5571024492002,730.7530293562866,683.2059334467077,710.6500770575872,3253410
2023-12-20,TSLA,710.6500770575872,737.519144578398,691.6182954365681,718.8676084981441,4282552
2023-12-21,TSLA,718.8676084981441,728.5777048548941,710.4388408024855,715.7797010037593,3534543
2023-12-22,TSLA,715.7797010037593,743.7090784343299,695.2287968909628,714.5796682728428,1543589
2023-12-25,TSLA,714.5796682728428,739.3147997501271,706.6897923930464,707.4573297267752,1173159
2023-12-26,TSLA,707.4573297267752,719.331327518594,672.8516541176105,677.9914177670324,3107824
2023-12-27,TSLA,677.9914177670324,704.8658529092983,646.8183034369653,671.6381134960743,4644105
2023-12-28,TSLA,671.6381134960743,704.3637565927047,648.9925246528151,688.0908690968981,3713561
2023-12-29,TSLA,688.0908690968981,718.6022984526085,679.1410872072883,695.650516535281,3407812
2024-01-01,TSLA,695.650516535281,728.7604804772753,688.550637206334,691.4925978673734,4614557
2024-01-02,TSLA,691.4925978673734,721.7549969380678,673.1867977725127,685.2131742491291,1354152
2024-01-03,TSLA,685.2131742491291,692.2830899207772,654.6164474344607,685.2536285006652,1190688
2024-01-04,TSLA,685.2536285006652,704.623141152658,666.754897148736,670.8908329027902,2755960
2024-01-05,TSLA,670.8908329027902,687.595789797803,660.1904510790873,671.0083526091303,3763451
2024-01-08,TSLA,671.0083526091303,683.1230447796864,651.9416674998452,680.1054408645025,2813425
2024-01-09,TSLA,680.1054408645025,709.3516279348942,666.2745341155121,674.0098154371847,1619496
2024-01-10,TSLA,674.0098154371847,688.0170990946376,643.895100310914,646.2403010381453,1146052
2024-01-11,TSLA,646.2403010381453,655.4657958290629,619.3366529690671,637.2565567108231,2514541
2024-01-12,TSLA,637.2565567108231,667.7942048857983,612.8661487120321,613.1041546979565,3545790
2024-01-15,TSLA,613.1041546979565,627.9188963550674,600.5232895797861,619.200556466826,1450571
2024-01-16,TSLA,619.200556466826,635.5590757736876,593.8046143938494,596.4165308241232,3670171
2024-01-17,TSLA,596.4165308241232,610.6007986715166,576.3923882897385,588.3678035255342,1001139
2024-01-18,TSLA,588.3678035255342,600.5961323735007,560.7225671690933,598.0925917683953,4587547
2024-01-19,TSLA,598.0925917683953,611.8795642730205,578.2894959248358,590.8274128594416,2815960
2024-01-22,TSLA,590.8274128594416,602.8723740677265,584.109885186357,598.7909900989121,1518901
2024-01-23,TSLA,598.7909900989121,615.8786743515785,592.0820283051048,609.6410550542261,1350745
2024-01-24,TSLA,609.6410550542261,616.3672427187024,594.9026268408774,613.1846743700544,2169258
2024-01-25,TSLA,613.1846743700544,631.9112917447432,586.3493254786915,606.4439426221684,4929126
2024-01-26,TSLA,606.4439426221684,613.9184671175065,577.6189393878849,583.1106247690661,4778472
2024-01-29,TSLA,583.1106247690661,610.6486172692137,559.800485253352,605.8205156789867,2858955
2024-01-30,TSLA,605.8205156789867,614.2579420759461,594.0251265089856,597.4336554603707,4660732
2024-01-31,TSLA,597.4336554603707,609.4203873657423,572.6972155185239,589.8666647876132,3669466
2024-02-01,TSLA,589.8666647876132,596.147176429573,568.2933818371022,587.8184986098231,4574863
2024-02-02,TSLA,587.8184986098231,599.1116964640072,562.0669533593685,574.0817740264412,3927467
2024-02-05,TSLA,574.0817740264412,589.0915488989054,546.5166996364167,573.8304318854152,1980073
2024-02-06,TSLA,573.8304318854152,584.6602805467812,557.3855607394923,576.1522719013057,2291111
2024-02-07,TSLA,576.1522719013057,601.5574845427387,569.273633720646,572.5804640903015,3978086
2024-02-08,TSLA,572.5804640903015,588.5855813115548,562.2028374302836,571.5565160863687,3378035
2024-02-09,TSLA,571.5565160863687,587.970079466904,563.7820305339158,581.1054957038307,3698835
2024-02-12,TSLA,581.1054957038307,597.1624664654747,553.9058479203496,581.879928573409,1499589
2024-02-13,TSLA,581.879928573409,608.7119109754752,553.3942186872688,559.9129778628503,3144842
2024-02-14,TSLA,559.9129778628503,587.78291757181,547.2878594631555,551.535553958786,2025279
2024-02-15,TSLA,551.535553958786,578.4056574300042,545.3684230665316,545.9209150124204,1782696
2024-02-16,TSLA,545.9209150124204,564.3474981967357,535.0570680264723,538.9698807011151,2670886
2024-02-19,TSLA,538.9698807011151,563.1282566919455,529.5634066217947,551.4029744130852,1805418
2024-02-20,TSLA,551.4029744130852,565.5619462577035,536.4566815053324,553.5713027198735,1197281
2024-02-21,TSLA,553.5713027198735,573.6768210407513,526.9517793779314,552.7456229482099,4407582
2024-02-22,TSLA,552.7456229482099,569.9787253192834,526.5600842546112,568.5468529933985,4789958
2024-02-23,TSLA,568.5468529933985,585.0247453170417,547.8417463189397,568.4993364926687,4331252
2024-02-26,TSLA,568.4993364926687,587.3018783948684,547.9740242862882,558.6563876340373,4190120
2024-02-27,TSLA,558.6563876340373,564.8353935623885,546.868285508605,553.7963351479445,1774593
2024-02-28,TSLA,553.7963351479445,577.6232224846527,536.5767860642128,556.0630153521378,3618440
2024-02-29,TSLA,556.0630153521378,579.4366188840787,546.0189380897912,575.3992694570499,3693887
2024-03-01,TSLA,575.3992694570499,585.084045935672,555.0464359161846,561.4256626740865,4969326
2024-03-04,TSLA,561.4256626740865,579.7795786742638,538.5221756856441,568.7813199763432,2764321
2024-03-05,TSLA,568.7813199763432,593.1542657059148,553.2812396963154,574.7479795182381,1911514
2024-03-06,TSLA,574.7479795182381,590.5008065952895,556.9500610932546,558.787144090169,4740858
2024-03-07,TSLA,558.787144090169,582.4706307355668,543.8188307611177,556.550398461415,3859348
2024-03-08,TSLA,556.550398461415,578.4987070443646,550.7263078546057,552.1812232425709,3711728
2024-03-11,TSLA,552.1812232425709,564.0912199499398,526.6440438930159,557.7093444273925,4568019
2024-03-12,TSLA,557.7093444273925,574.4223265930542,534.5452487589746,537.0332980908062,1442880
2024-03-13,TSLA,537.0332980908062,557.084820123043,510.81813190903887,526.2512963476136,2127531
2024-03-14,TSLA,526.2512963476136,537.9508396444434,514.8344453246635,523.6874878511893,2029593
2024-03-15,TSLA,523.6874878511893,539.1977848659868,507.95373287191865,529.4658704703619,3878918
2024-03-18,TSLA,529.4658704703619,539.7339889397508,509.5872023218383,532.5411741293186,1553615
2024-03-19,TSLA,532.5411741293186,548.9110327991325,510.3142667089451,512.097387140111,2879689
2024-03-20,TSLA,512.097387140111,525.2387498688496,506.6418497792524,514.5481562430033,1550975
2024-03-21,TSLA,514.5481562430033,530.1212848249868,491.342028552613,516.8744421374677,3835883
2024-03-22,TSLA,516.8744421374677,536.9615283500227,506.7169886257032,517.6500833217102,4122949
2024-03-25,TSLA,517.6500833217102,526.0613158222708,504.57597149087263,519.5763099242067,3207251
2024-03-26,TSLA,519.5763099242067,527.4947425018684,507.7644579836694,526.4626943358255,3176477
2024-03-27,TSLA,526.4626943358255,542.1883746520886,513.644640551597,526.4868342343653,4634788
2024-03-28,TSLA,526.4868342343653,544.5120342089136,508.7518765264699,512.6845997625567,2053774
2024-03-29,TSLA,512.6845997625567,535.8832030007499,499.5886693920076,501.40072279112513,4423583
2024-04-01,TSLA,501.40072279112513,517.0169764673386,484.6881555775204,493.7328095223999,3351314
2024-04-02,TSLA,493.7328095223999,514.648887109163,469.4328251552866,493.0542462357869,3879017
2024-04-03,TSLA,493.0542462357869,515.9715381231215,477.96522811855766,493.78439028944354,1906276
2024-04-04,TSLA,493.78439028944354,501.7997041096081,480.7682938748119,501.0892291775672,3575041
2024-04-05,TSLA,501.0892291775672,512.8955439614789,485.2511464641536,496.5167771631012,3347421
2024-04-08,TSLA,496.5167771631012,502.1725583717745,476.9470169177392,501.3863850747749,1335975
2024-04-09,TSLA,501.3863850747749,510.6928800706609,479.6948879406754,496.1785580833044,3457848
2024-04-10,TSLA,496.1785580833044,520.0205765714019,484.6614578127113,498.610728782884,3116511
2024-04-11,TSLA,498.610728782884,510.3441298692401,474.8908148397606,490.9827741496324,2691520
2024-04-12,TSLA,490.9827741496324,515.2658812038441,469.6318712067916,496.4481770301069,1726953
2024-04-15,TSLA,496.4481770301069,501.81171851155983,477.9536079285648,484.1059529680328,2533374
2024-04-16,TSLA,484.1059529680328,494.5541533806517,473.024675290207,478.6914303096129,3019533
2024-04-17,TSLA,478.6914303096129,498.0593375069638,457.2717805826436,475.83115948074703,1266607
2024-04-18,TSLA,475.83115948074703,494.1580070735091,460.5483167525689,491.2693603631559,4402808
2024-04-19,TSLA,491.2693603631559,513.0545595242711,481.4773317048901,512.2384233064196,4381735
2024-04-22,TSLA,512.2384233064196,536.4210909017393,499.2970438983827,515.1715934618898,4364453
2024-04-23,TSLA,515.1715934618898,535.2358307111151,502.4752186893397,533.0139673268798,4491449
2024-04-24,TSLA,533.0139673268798,542.5913604981218,509.7143634185872,522.4355657984768,1499207
2024-04-25,TSLA,522.4355657984768,529.0164662451671,497.5658346655381,502.4804406429099,2821480
2024-04-26,TSLA,502.4804406429099,520.6241730120622,494.1603239597412,501.820561285642,2516002
2024-04-29,TSLA,501.820561285642,517.3135827987941,484.1432175215684,504.37137440545166,3623825
2024-04-30,TSLA,504.37137440545166,528.6731171308898,495.52168715948994,525.791300771156,2283569
2024-05-01,TSLA,525.791300771156,551.4201429267756,511.1570745763482,536.0440280050944,2669652
2024-05-02,TSLA,536.0440280050944,552.6056212179412,527.6648335785169,535.7556964517993,4476631
2024-05-03,TSLA,535.7556964517993,550.8919215189505,518.1740150772799,535.8913270642444,1887855
2024-05-06,TSLA,535.8913270642444,551.8949440926848,520.2964733486316,522.5334453331093,3689645
2024-05-07,TSLA,522.5334453331093,529.1050246139356,515.1781485040594,518.5109895323203,3681216
2024-05-08,TSLA,518.5109895323203,542.2129101162411,501.5725648761764,507.7128706582344,1358368
2024-05-09,TSLA,507.7128706582344,528.807882835428,500.2727294888605,510.89343547924153,4480247
2024-05-10,TSLA,510.89343547924153,518.6520620576357,486.2711561355497,489.3552161633421,2973800
2024-05-13,TSLA,489.3552161633421,511.7127155078063,465.3599667901461,496.3480142693986,4089017
2024-05-14,TSLA,496.3480142693986,507.4781331218687,477.8254680228751,501.8780901860755,2341753
2024-05-15,TSLA,501.8780901860755,509.62036935879297,488.3170141127918,495.5663789753538,2259624
2024-05-16,TSLA,495.5663789753538,504.15212863130455,487.021496194258,500.5100275706443,3586722
2024-05-17,TSLA,500.5100275706443,509.2202398584239,484.255663465856,490.8967407442306,2693238
2024-05-20,TSLA,490.8967407442306,505.28101904333033,479.5522929457321,489.0422590496347,3572111
2024-05-21,TSLA,489.0422590496347,496.51996958737385,466.3618083815404,491.88828494232206,1903268
2024-05-22,TSLA,491.88828494232206,497.03416366598935,474.0776858555057,492.863057740904,4871194
2024-05-23,TSLA,492.863057740904,510.3062223898812,478.01286114540255,501.4315108851501,4178165
2024-05-24,TSLA,501.4315108851501,524.2503187963972,490.8739475115536,518.3427623060846,4299273
2024-05-27,TSLA,518.3427623060846,538.4892092050587,506.1218125539157,521.659442191101,3555890
2024-05-28,TSLA,521.659442191101,537.7079261183906,514.2047261669957,527.6951960368051,1814806
2024-05-29,TSLA,527.6951960368051,539.8114602906481,502.08935197281744,523.8020543153502,3852589
2024-05-30,TSLA,523.8020543153502,548.0672503053895,505.0805050007305,514.4295690075111,3456400
2024-05-31,TSLA,514.4295690075111,535.7104092501685,503.42970652210965,506.7037222732555,2918028
2024-06-03,TSLA,506.7037222732555,530.1723111874416,489.60353161170207,525.3587140655442,1335974
2024-06-04,TSLA,525.3587140655442,533.4281522451553,515.5122241546793,515.5850609080161,1640152
2024-06-05,TSLA,515.5850609080161,522.1199033410869,502.6557592731994,509.2072949758207,3157287
2024-06-06,TSLA,509.2072949758207,532.3906414154939,493.96337123010073,514.1170106252479,1522229
2024-06-07,AAPL,142.70624734323837,146.09087459962632,139.08709559764577,141.60428593048857,2559155
2024-06-07,GOOGL,1467.925901366086,1510.9886473733116,1402.7939974271458,1459.5982461030085,3604570
2024-06-07,MSFT,272.94509723380247,285.8771893997885,261.81733537885395,283.9016043357276,4361194
2024-06-07,AMZN,923.544834407216,960.6612689786408,902.4607732469154,918.5116412546998,4817680
2024-06-07,TSLA,572.1655451555853,593.2154018898998,549.0043949575652,570.1338096248027,1080413
2024-06-10,AAPL,831.610077127133,847.205189616253,799.5883445283221,805.9765858733695,3080264
2024-06-11,AAPL,805.9765858733695,827.3470334452401,775.7372249889064,804.7860982973499,2879438
2024-06-12,AAPL,804.7860982973499,841.5540988012496,793.2221826661913,812.0674658778004,4120045
2024-06-10,GOOGL,1427.7982130481628,1459.5304903434371,1381.0900070308892,1432.2685740269617,4774344
2024-06-11,GOOGL,1432.2685740269617,1500.305333284182,1371.6084559291385,1482.8113356598983,2725692
2024-06-12,GOOGL,1482.8113356598983,1553.4121790898937,1458.4913775623531,1509.8218206485435,3883593
2024-06-10,MSFT,230.59566102539017,236.5524478144841,220.6927157931276,231.9069441817761,1427465
2024-06-11,MSFT,231.9069441817761,239.19513771049776,228.870776467233,236.5381745312801,2559050
2024-06-12,MSFT,236.5381745312801,245.2797889650094,228.1058595318296,239.9355163613845,2610740
2024-06-10,AMZN,637.620720288808,657.5353625390633,608.359839625692,621.515116756731,2203369
2024-06-11,AMZN,621.515116756731,629.2754737388084,610.5435560017294,617.1745598053017,2002137
2024-06-12,AMZN,617.1745598053017,631.7479446910487,597.4963477693354,624.7949033992091,2854117
2024-06-10,TSLA,102.62107771662689,104.26036739922677,99.654804414487,103.8022513197561,2454625
2024-06-11,TSLA,103.8022513197561,105.6241588314007,99.67774035046963,104.83960682430656,1496943
2024-06-12,TSLA,104.83960682430656,105.99455957236664,103.11156521726755,103.3879915321993,1168707
